,Avg hybrid error,Avg neural network error
A,0.0403409090909,0.0324494949495
B,0.0527243589744,0.0520299145299 