,accuracy,precision,recall,f measure
A,0.968118,0.938769,0.968118,0.952866
B,0.939369,0.905466,0.939369,0.916812