dataset,accuracy,precision,recall,f measure
A,0.96976,0.95107,0.96976,0.95651
B,0.94877,0.91794,0.94877,0.92858
